{
  "fx": 2361.12531827604,
  "fy": 2351.089385496165,
  "cx": 954.2647200824066,
  "cy": 558.4428279657831,
  "dist": [
    0.1189403931028832,
    0.4871391911990551,
    0.007429019417498543,
    -0.003578974025638136,
    -2.7086420362082047
  ],
  "width": 1920,
  "height": 1080,
  "rms": 1.723724389077021,
  "model": "opencv_standard",
  "resolution": "1920x1080",
  "created_at": 1758012055.398722
}