{
  "fx": 8874.977782515176,
  "fy": 8867.29415532927,
  "cx": 1097.4378979566882,
  "cy": 382.9656126932976,
  "dist": [
    0.1778325947473256,
    18.440270029270447,
    -0.005623320492700603,
    0.01061357812162516,
    4.509875894567797
  ],
  "width": 1920,
  "height": 1080,
  "rms": 0.3812869745243165,
  "model": "opencv_standard",
  "resolution": "1920x1080",
  "created_at": 1758018791.081631
}