{
  "fx": 905.4230664778443,
  "fy": 903.991061100462,
  "cx": 638.8059745239668,
  "cy": 364.49437867913525,
  "dist": [
    0.028470429744558025,
    -0.13117757993419568,
    0.0033914396866210855,
    -3.40956706861848e-05,
    0.20406438184153333
  ],
  "width": 1280,
  "height": 720,
  "rms": 1.8266938727689104,
  "model": "opencv_standard",
  "resolution": "1280x720",
  "created_at": 1758272272.6802557
}