{
  "fx": 566.079216264658,
  "fy": 570.7686056481164,
  "cx": 627.0019006564722,
  "cy": 346.41847529726283,
  "dist": [
    -0.01092636883551198,
    0.048393512785964134,
    -0.005093319812059331,
    0.00016226995806826786,
    -0.007135551292481209
  ],
  "width": 1280,
  "height": 720,
  "rms": 3.7115262485948604,
  "model": "opencv_standard",
  "resolution": "1280x720",
  "created_at": 1758272272.6792557
}