{
  "fx": 4360.3894691100795,
  "fy": 4353.360917371068,
  "cx": 716.40716535316,
  "cy": 462.2661057164819,
  "dist": [
    0.03794587397311428,
    7.169941273613135,
    0.013103616176439103,
    0.012323604630607322,
    -0.07038045665156564
  ],
  "width": 1280,
  "height": 720,
  "rms": 0.7344088798860263,
  "model": "opencv_standard",
  "resolution": "1280x720",
  "created_at": 1758272272.6742518
}