{
  "fx": 849.1188243969872,
  "fy": 856.1529084721747,
  "cx": 940.5028509847084,
  "cy": 519.6277129458942,
  "dist": [
    -0.01092636883551198,
    0.048393512785964134,
    -0.005093319812059331,
    0.00016226995806826786,
    -0.007135551292481209
  ],
  "width": 1920,
  "height": 1080,
  "rms": 3.7115262485948604,
  "model": "opencv_standard",
  "resolution": "1920x1080",
  "created_at": 1758019184.4128878
}