{
  "fx": 8131.385121864319,
  "fy": 8127.90788713788,
  "cx": 1180.5194548897819,
  "cy": 605.7505150319994,
  "dist": [
    0.22083590222525934,
    -4.7874577521850465,
    0.009372757273512021,
    0.009950131028787753,
    10.345683322237717
  ],
  "width": 1920,
  "height": 1080,
  "rms": 0.5131107567293551,
  "model": "opencv_standard",
  "resolution": "1920x1080",
  "created_at": 1758018275.589088
}