{
  "fx": 5916.651855010117,
  "fy": 5911.52943688618,
  "cx": 731.6252653044587,
  "cy": 255.31040846219838,
  "dist": [
    0.1778325947473256,
    18.440270029270447,
    -0.005623320492700603,
    0.01061357812162516,
    4.509875894567797
  ],
  "width": 1280,
  "height": 720,
  "rms": 0.3812869745243165,
  "model": "opencv_standard",
  "resolution": "1280x720",
  "created_at": 1758272272.6762557
}