{
  "fx": 1583.5187124236468,
  "fy": 1572.8682209020712,
  "cx": 565.9835141249821,
  "cy": 301.388130982014,
  "dist": [
    0.3981682035570008,
    0.6817032175119815,
    -0.039975369704742046,
    -0.036440048556600074,
    2.3129641826604854
  ],
  "width": 1280,
  "height": 720,
  "rms": 2.378444253246704,
  "model": "opencv_standard",
  "resolution": "1280x720",
  "created_at": 1758272272.6717453
}