{
  "fx": 5420.923414576213,
  "fy": 5418.6052580919195,
  "cx": 787.0129699265212,
  "cy": 403.83367668799957,
  "dist": [
    0.22083590222525934,
    -4.7874577521850465,
    0.009372757273512021,
    0.009950131028787753,
    10.345683322237717
  ],
  "width": 1280,
  "height": 720,
  "rms": 0.5131107567293551,
  "model": "opencv_standard",
  "resolution": "1280x720",
  "created_at": 1758272272.6752546
}