{
  "fx": 2375.2780686354704,
  "fy": 2359.302331353107,
  "cx": 848.9752711874731,
  "cy": 452.082196473021,
  "dist": [
    0.3981682035570008,
    0.6817032175119815,
    -0.039975369704742046,
    -0.036440048556600074,
    2.3129641826604854
  ],
  "width": 1920,
  "height": 1080,
  "rms": 2.378444253246704,
  "model": "opencv_standard",
  "resolution": "1920x1080",
  "created_at": 1758017195.3610506
}