{
  "fx": 2141.6067631547317,
  "fy": 2131.937133354071,
  "cx": 911.8387904284418,
  "cy": 520.8180356152178,
  "dist": [
    0.31965672854749155,
    -2.454112212027246,
    -0.00835191644813318,
    -0.011404271945880406,
    10.196147807556194
  ],
  "width": 1920,
  "height": 1080,
  "rms": 2.1851083405827714,
  "model": "opencv_standard",
  "resolution": "1920x1080",
  "created_at": 1758012412.726925
}