{
  "fx": 1427.7378421031544,
  "fy": 1421.2914222360473,
  "cx": 607.8925269522945,
  "cy": 347.21202374347854,
  "dist": [
    0.31965672854749155,
    -2.454112212027246,
    -0.00835191644813318,
    -0.011404271945880406,
    10.196147807556194
  ],
  "width": 1280,
  "height": 720,
  "rms": 2.1851083405827714,
  "model": "opencv_standard",
  "resolution": "1280x720",
  "created_at": 1758272272.6707478
}