{
  "fx": 1098.1700877298576,
  "fy": 1095.9858430334693,
  "cx": 962.4573845886797,
  "cy": 519.9236168519448,
  "dist": [
    0.027464240145686828,
    0.004019005931197271,
    -0.005819719653292357,
    2.5608306706019563e-05,
    0.07587660347146487
  ],
  "width": 1920,
  "height": 1080,
  "rms": 1.7184092660464083,
  "model": "opencv_standard",
  "resolution": "1920x1080",
  "created_at": 1758022912.3305013
}