{
  "fx": 1574.08354551736,
  "fy": 1567.39292366411,
  "cx": 636.1764800549377,
  "cy": 372.2952186438554,
  "dist": [
    0.1189403931028832,
    0.4871391911990551,
    0.007429019417498543,
    -0.003578974025638136,
    -2.7086420362082047
  ],
  "width": 1280,
  "height": 720,
  "rms": 1.723724389077021,
  "model": "opencv_standard",
  "resolution": "1280x720",
  "created_at": 1758272272.6697466
}