{
  "fx": 1358.1345997167664,
  "fy": 1355.986591650693,
  "cx": 958.2089617859504,
  "cy": 546.7415680187029,
  "dist": [
    0.028470429744558025,
    -0.13117757993419568,
    0.0033914396866210855,
    -3.40956706861848e-05,
    0.20406438184153333
  ],
  "width": 1920,
  "height": 1080,
  "rms": 1.8266938727689104,
  "model": "opencv_standard",
  "resolution": "1920x1080",
  "created_at": 1758066767.3889117
}