{
  "fx": 10913.635018276504,
  "fy": 10881.073708670072,
  "cx": 1115.8842072143987,
  "cy": 612.6475328239612,
  "dist": [
    0.498044799874828,
    9.539879613608555,
    0.011111345996001686,
    0.01395210344799313,
    1.2769979625708694
  ],
  "width": 1920,
  "height": 1080,
  "rms": 0.30060932161011633,
  "model": "opencv_standard",
  "resolution": "1920x1080",
  "created_at": 1758018076.0056012
}