{
  "fx": 6540.584203665119,
  "fy": 6530.041376056603,
  "cx": 1074.61074802974,
  "cy": 693.3991585747228,
  "dist": [
    0.03794587397311428,
    7.169941273613135,
    0.013103616176439103,
    0.012323604630607322,
    -0.07038045665156564
  ],
  "width": 1920,
  "height": 1080,
  "rms": 0.7344088798860263,
  "model": "opencv_standard",
  "resolution": "1920x1080",
  "created_at": 1758017412.9444766
}