{
  "fx": 1089.0318128075828,
  "fy": 1095.7572329688,
  "cx": 629.3937715480153,
  "cy": 378.17315731827966,
  "dist": [
    0.12115283155715181,
    1.1475534505069265,
    0.00776439489472996,
    -0.0027416000957616415,
    -6.676481706505399
  ],
  "width": 1280,
  "height": 720,
  "rms": 3.1780133511883597,
  "model": "opencv_standard",
  "resolution": "1280x720",
  "created_at": 1758272272.6687486
}