{
  "fx": 7275.756678851002,
  "fy": 7254.049139113381,
  "cx": 743.922804809599,
  "cy": 408.43168854930747,
  "dist": [
    0.498044799874828,
    9.539879613608555,
    0.011111345996001686,
    0.01395210344799313,
    1.2769979625708694
  ],
  "width": 1280,
  "height": 720,
  "rms": 0.30060932161011633,
  "model": "opencv_standard",
  "resolution": "1280x720",
  "created_at": 1758272272.6752546
}