{
  "fx": 801.420241498193,
  "fy": 814.5716209263464,
  "cx": 563.4221327869571,
  "cy": 423.4250846705837,
  "dist": [
    0.11144968534080503,
    -0.44179380742728497,
    0.029255514566481396,
    -0.03578819625289477,
    0.9122280290865327
  ],
  "width": 1280,
  "height": 720,
  "rms": 3.40371866692313,
  "model": "opencv_standard",
  "resolution": "1280x720",
  "created_at": 1758272272.6812546
}