{
  "fx": 732.113391819905,
  "fy": 730.6572286889796,
  "cx": 641.6382563924531,
  "cy": 346.61574456796313,
  "dist": [
    0.027464240145686828,
    0.004019005931197271,
    -0.005819719653292357,
    2.5608306706019563e-05,
    0.07587660347146487
  ],
  "width": 1280,
  "height": 720,
  "rms": 1.7184092660464083,
  "model": "opencv_standard",
  "resolution": "1280x720",
  "created_at": 1758272272.6812546
}