{
  "fx": 1633.5477192113744,
  "fy": 1643.6358494532003,
  "cx": 944.0906573220229,
  "cy": 567.2597359774195,
  "dist": [
    0.12115283155715181,
    1.1475534505069265,
    0.00776439489472996,
    -0.0027416000957616415,
    -6.676481706505399
  ],
  "width": 1920,
  "height": 1080,
  "rms": 3.1780133511883597,
  "model": "opencv_standard",
  "resolution": "1920x1080",
  "created_at": 1758010812.230171
}