{
  "fx": 1202.1303622472897,
  "fy": 1221.8574313895197,
  "cx": 845.1331991804358,
  "cy": 635.1376270058756,
  "dist": [
    0.11144968534080503,
    -0.44179380742728497,
    0.029255514566481396,
    -0.03578819625289477,
    0.9122280290865327
  ],
  "width": 1920,
  "height": 1080,
  "rms": 3.40371866692313,
  "model": "opencv_standard",
  "resolution": "1920x1080",
  "created_at": 1758021921.5104523
}